cefr_folder,title,cefr_age_group,text,flesch_kincaid_score,smog_score,fk_estimated_uk_age_num,reading_band,lexicon_count,sentence_count,syllables_per_word,polysyllable_count,monosyllable_count,flesch_reading_ease,coleman_liau_index,automated_readability_index,dale_chall_readability_score,difficult_words,linsear_write_formula,gunning_fog,text_standard,spache_readability,reading_time
A1,christmas_time,6-8,It is Christmas. Dad gives Tim a toy. The toy is in the box. Tim takes off the lid. He sees the toy. It is a car. The car is red. The car makes noises. The car moves fast. Tim likes the gift. He hugs his dad. Dad smiles.,-1.571094619666047,3.1291,3,≤5,49,11,1.0408163265306123,0,47,114.26057513914655,-3.506122448979593,-2.6696660482374774,7.724384230055659,1,1.227272727272727,1.7818181818181815,-3th and -2th grade,1.6426011131725415,2.52668
C2,analytic_feminism,16-18,"Contemporary analytic philosophers, feminist and nonfeminist, can be characterized roughly as follows: they consider (some of) Frege, Russell, Moore, Wittgenstein, and the Logical Positivists to be their intellectual ancestors; they tend to prize explicit argumentation and the literal, precise, and clear use of language; they often value the roles of philosophy of language, epistemology, and logic; and they typically view their stock of philosophical concepts, methods, and assumptions to be a) consistent with their Modern European heritage, and b) in contrast with methods originating in twentieth-century continental Europe, most recently those having names beginning with ‘post’: poststructuralism and postmodernism broadly conceived.
Of course, each strand of mid-twentieth-century, “classic” analytic philosophy has changed greatly. Many central dogmas have been undermined, and nonfeminists and feminists alike have “naturalized,” “socialized,” and otherwise modulated the earlier, more abstract and highly normative enterprises and doctrines. However, regardless of the extent of the evolution of “analytic philosophy,” the degree to which methodological boundaries are blurred today, and the fruitfulness of intersections among methods, a number of feminist and nonfeminist philosophers continue to think of themselves in the historical trajectory of analytic philosophy and find the tradition valuable. They claim the term ‘analytic philosopher’ for themselves, even if some others might find the term ‘post-analytic’ more appropriate.[2]",25.00809523809524,23.72669961743115,30,>18,210,5,2.052380952380952,65,107,-9.426428571428543,18.958095238095236,29.69157142857143,13.088366666666667,75,79.0,28.41904761904762,12th and 13th grade,10.364809523809525,19.728669999999997
C2,existentialism,16-18,"Like “rationalism” and “empiricism,” “existentialism” is a term that belongs to intellectual history. Its definition is thus to some extent one of historical convenience. The term was explicitly adopted as a self-description by Jean-Paul Sartre, and through the wide dissemination of the postwar literary and philosophical output of Sartre and his associates—notably Simone de Beauvoir, Maurice Merleau-Ponty, and Albert Camus—existentialism became identified with a cultural movement that flourished in Europe in the 1940s and 1950s. Among the major philosophers identified as existentialists (many of whom—for instance Camus and Heidegger—repudiated the label) were Karl Jaspers, Martin Heidegger, and Martin Buber in Germany, Jean Wahl and Gabriel Marcel in France, the Spaniards José Ortega y Gasset and Miguel de Unamuno, and the Russians Nikolai Berdyaev and Lev Shestov. The nineteenth century philosophers, Søren Kierkegaard and Friedrich Nietzsche, came to be seen as precursors of the movement. Existentialism was as much a literary phenomenon as a philosophical one. Sartre’s own ideas were and are better known through his fictional works (such as Nausea and No Exit) than through his more purely philosophical ones (such as Being and Nothingness and Critique of Dialectical Reason), and the postwar years found a very diverse coterie of writers and artists linked under the term: retrospectively, Dostoevsky, Ibsen, and Kafka were conscripted; in Paris there were Jean Genet, André Gide, André Malraux, and the expatriate Samuel Beckett; the Norwegian Knut Hamsun and the Romanian Eugene Ionesco belong to the club; artists such as Alberto Giacometti and even Abstract Expressionists such as Jackson Pollock, Arshile Gorky, and Willem de Kooning, and filmmakers such as Jean-Luc Godard and Ingmar Bergman were understood in existential terms. By the mid 1970s the cultural image of existentialism had become a cliché, parodized in countless books and films by Woody Allen.[1]
It is sometimes suggested, therefore, that existentialism just is this bygone cultural movement rather than an identifiable philosophical position; or, alternatively, that the term should be restricted to Sartre’s philosophy alone.[2] Two recent books, both of them sustained attempts to engage critically and constructively with existentialism in the context of contemporary philosophical debates, adopt versions of these stances. Jonathan Webber argues that “as originally defined by Simone de Beauvoir and Jean-Paul Sartre, existentialism is the ethical theory that we ought to treat the freedom at the core of human existence as intrinsically valuable and the foundation of all other values” (2018: 2). If we stick to this definition, we can both recognize the fissures within what is called “existentialism” in the expansive sense and also see how existentialism can “ground sophisticated contributions to social psychology, philosophy of mind, moral philosophy, cultural theory, and psychotherapy” (2018: 19). Taking up the other stance, Noreen Khawaja notes the perennial difficulty in specifying just who is supposed to belong to the “movement” of existentialism, given that the term itself was either unknown to some who are conscripted or outright rejected by others. But, she argues, this is a problem only if existentialism is taken to be a movement. Though aspects of such a movement can be found in the historical record, existentialism itself “is a tradition, not a movement”; that is, “a pattern of intergenerational influence, in which later figures read and appropriated the work of earlier figures” (Khawaja 2016: 4). What animates this tradition—exemplified here by Kierkegaard, Heidegger, and Sartre—is its struggle with religion and the fact that the writing of even so-called “atheist” existentialists “feels religious to its readers” (2016: 16). Interestingly, taking either stance leads to the same place: For Khawaja, “the idea of personal authenticity [is] at the center of existential thought” (2016: 24), while for Webber, the existentialism of Sartre, Beauvoir, and Franz Fanon begins with “eudaimonist arguments for the virtue of authenticity” and finally affirms “a categorial moral imperative of authenticity” (2018: 19).
In this entry, I will employ elements of both approaches. Like Khawaja, I take existentialism to be a usefully broad term of intellectual history that can illuminate the work of philosophers and others who preceded the rise of the “movement” or rejected the label. In this sense, “existentialism” picks out a distinctive cluster of philosophical problems and a relatively distinct current of twentieth- and now twenty-first-century philosophical inquiry, one that has had significant impact on fields such as theology (through Rudolf Bultmann, Paul Tillich, Karl Barth, and others) and psychology (from Ludwig Binswanger and Medard Boss to Otto Rank, R. D. Laing, and Viktor Frankl). On the other hand, I do not think that the “tradition” of existential thought should be approached exclusively in terms of the (very real) struggle with religion that gives some of the works of existential philosophy a religious “feel” (but see Westphal 2012). I agree with Webber that there is a core of philosophical (categorial) content to existential thought that can be understood independently of the sort of religious “rhetoric” (Khawaja 2016: 16) characteristic of many of the classics of existentialism. Unlike Webber, however, I think that this categorial content is quite widely shared—beyond Sartre, Beauvoir, and Fanon—and must be understood as grounded in the phenomenological approach that so excited Sartre (see Crowell 2012b). The phenomenological approach gave philosophical shape to the basic existential insight that thinking about human existence requires new categories not found in the conceptual repertoire of ancient or modern thought; human beings can be understood neither as substances with fixed properties, nor as subjects interacting with a world of objects.
On the existential view, to understand what a human being is it is not enough to know all the truths that natural science—including the science of psychology—could tell us. The dualist who holds that human beings are composed of independent substances—“mind” and “body”—is no better off in this regard than is the physicalist who holds that human existence can be adequately explained in terms of the fundamental physical constituents of the universe. Existentialism does not deny the validity of the basic categories of physics, biology, psychology, and the other sciences (categories such as matter, causality, force, function, organism, development, motivation, and so on). It claims only that human beings cannot be fully understood in terms of them. Nor can such an understanding be gained by supplementing our scientific picture with a moral one. Categories of moral theory such as intention, blame, responsibility, character, duty, virtue, and the like do capture important aspects of the human condition, but neither moral thinking (governed by the norms of the good and the right) nor scientific thinking (governed by the norm of truth) suffices.
“Existentialism”, therefore, may be defined as the philosophical theory which holds that a further set of categories, governed by the norm of authenticity, is necessary to grasp human existence. To approach existentialism in this categorial way may seem to conceal what is often taken to be its “heart” (Kaufmann 1968: 12), namely, its character as a gesture of protest against academic philosophy, its anti-system sensibility, its flight from the “iron cage” of reason. But while it is true that the major existential philosophers wrote with a passion and urgency rather uncommon in our own time, and while the idea that philosophy cannot be practiced in the disinterested manner of an objective science is indeed central to existentialism, it is equally true that all the themes popularly associated with existentialism—dread, boredom, alienation, the absurd, freedom, commitment, nothingness, and so on—find their philosophical significance in the context of the search for a new categorial framework, together with its governing norm.",20.136344537815123,18.681798309485796,25,>18,1239,34,1.823244552058111,252,708,15.600716778236771,14.761097659402749,23.301919954422445,12.491496477234962,311,18.5,22.356938707686467,17th and 18th grade,9.142339054265774,102.44806
C2,idealism,16-18,"The terms “idealism” and “idealist” are by no means used only within philosophy; they are used in many everyday contexts as well. Optimists who believe that, in the long run, good will prevail are often called “idealists”. This is not because such people are thought to be devoted to a philosophical doctrine but because of their outlook on life generally; indeed, they may even be pitied, or perhaps envied, for displaying a naïve worldview and not being philosophically critical at all. Even within philosophy, the terms “idealism” and “idealist” are used in different ways, which often makes their meaning dependent on the context. However, independently of context one can distinguish between a descriptive (or classificatory) use of these terms and a polemical one, although sometimes these different uses occur together. Their descriptive use is best documented by paying attention to the large number of different “idealisms” that appear in philosophical textbooks and encyclopedias, ranging from metaphysical idealism through epistemological and aesthetic to moral or ethical idealism. Within these idealisms one can find further distinctions, such as those between subjective, objective and absolute idealism, and even more obscure characterizations such as speculative idealism and transcendental idealism. It is also remarkable that the term “idealism”, at least within philosophy, is often used in such a way that it gets its meaning through what is taken to be its opposite: as the meaningful use of the term “outside” depends on a contrast with something considered to be inside, so the meaning of the term “idealism” is often fixed by what is taken to be its opposite. Thus, an idealist is someone who is not a realist, not a materialist, not a dogmatist, not an empiricist, and so on. Given the fact that many also want to distinguish between realism, materialism, dogmatism, and empiricism, it is obvious that thinking of the meaning of “idealism” as determined by what it is meant to be opposed to leads to further complexity and gives rise to the impression that underlying such characterizations lies some polemical intent.
Within modern philosophy there are sometimes taken to be two fundamental conceptions of idealism:
something mental (the mind, spirit, reason, will) is the ultimate foundation of all reality, or even exhaustive of reality, and
although the existence of something independent of the mind is conceded, everything that we can know about this mind-independent “reality” is held to be so permeated by the creative, formative, or constructive activities of the mind (of some kind or other) that all claims to knowledge must be considered, in some sense, to be a form of self-knowledge.
Idealism in sense (1) has been called “metaphysical” or “ontological idealism”, while idealism in sense (2) has been called “formal” or “epistemological idealism”. The modern paradigm of idealism in sense (1) might be considered to be George Berkeley’s “immaterialism”, according to which all that exists are ideas and the minds, less than divine or divine, that have them. (Berkeley himself did not use the term “idealism”.) The fountainhead for idealism in sense (2) might be the position that Immanuel Kant asserted (if not clearly in the first edition of his Critique of Pure Reason (1781) then in his Prolegomena to Any Future Metaphysics (1783) and in the “Refutation of Idealism” in the second edition of the Critique) according to which idealism does “not concern the existence of things”, but asserts only that our “modes of representation” of them, above all space and time, are not “determinations that belong to things in themselves” but features of our own minds. Kant called his position “transcendental” and “critical” idealism, and it has also been called “formal” idealism. However, Kant’s position does not provide a clear model of idealism at all. While Kant himself claimed that his position combined “empirical realism” with “transcendental idealism”, that is, combined realism about external, spatio-temporal objects in ordinary life and science with the denial of the reality of space and time at the level of things as they are in themselves, it also insisted upon the reality of things as they are in themselves existing independently from our representations of them, thus denying their reducibility o representations or the minds that have them. In this way, Kant’s position actually combines the transcendental ideality of space and time with a kind of realism about the existence of things other than minds.
So instead of using Kant as any kind of model for epistemological idealism, in this entry we will distinguish between metaphysical and epistemological arguments for idealism understood as a metaphysical doctrine, namely that everything that exists is in some way mental. We thus agree with A.C. Ewing, who wrote in 1934 that all forms of idealism
have in common the view that there can be no physical objects existing apart from some experience, and this might perhaps be taken as the definition of idealism, provided that we regard thinking as part of experience and do not imply by “experience” passivity, and provided we include under experience not only human experience but the so-called “Absolute Experience” or the experience of a God such as Berkeley postulates. (Ewing 1934: 3)
in other words, while reducing all reality to some kind of perception is one form of idealism, it is not the only form—reality may be reduced to the mental on other conceptions of the latter. Thus Willem deVries’s more recent definition of idealism as the general theory that reduces reality to some form or other of the mental is just:
Roughly, the genus comprises theories that attribute ontological priority to the mental, especially the conceptual or ideational, over the non-mental. (deVries 2009: 211)
We also agree with Jeremy Dunham, Iain Hamilton Grant, and Sean Watson when they write that
the idealist, rather than being anti-realist, is in fact … a realist concerning elements more usually dismissed from reality. (Dunham, Grant, & Watson 2011: 4)
namely mind of some kind or other: the idealist denies the mind-independent reality of matter, but hardly denies the reality of mind (or, on their account, which goes back to Plato, Ideas or Forms as well as minds; we will not consider pre-modern forms of idealism in any detail). However, following Ewing (see his chapters II, IV–V, and VIII), we will distinguish metaphysical from epistemological arguments for idealism. Metaphysical arguments proceed by identifying some general constraints on existence and arguing that only minds of some sort or other satisfy such conditions; epistemological arguments work by identifying some conditions for knowledge and arguing that only objects that are in some sense or other mental can satisfy the conditions for being known. In particular, epistemological arguments for idealism assume that there is a necessary isomorphism between knowledge and its object that can obtain only if the object of knowledge is itself mental; we propose that this is the difference between epistemologically-motivated idealism and a more neutral position, which might be identified with philosophers such as Rudolf Carnap, W.V.O. Quine, and Donald Davidson, holding that of course we always know things from some point of view, but any “external” question about whether or not our point of view “corresponds” to independent reality is either meaningless or at least not answerable on theoretical grounds. It is in order to preserve the distinction between traditional idealism and positions such as the latter that we recommend retaining the claim that reality is in some way or other exclusively mental and thinking of epistemological arguments for idealism rather than epistemological idealism as such.
Of course these strategies can be combined by a single philosopher. Berkeley does so, and so does Kant in arguing for the transcendental idealist part of his complex position. Others separate them, for example F.H. Bradley and J.McT.E. McTaggart constructed metaphysical arguments for idealism, while Josiah Royce and Brand Blanshard offered epistemological arguments.
In what follows, we will concentrate mainly on the discussion of philosophical theories that either endorse or claim to endorse idealism on ontological and/or epistemological grounds. At some points in its complex history, however, above all in the social as well as philosophical movement that dominated British and American universities in the second half of the nineteenth century and through the first World War, idealism in either of its philosophical forms was indeed connected to idealism in the popular sense of progressive and optimistic social thought. This was true for figures such as Bradley and Royce and their predecessors and contemporaries such as Thomas Hill Green and Bernard Bosanquet. There has recently been considerable interest in British or more generally Anglophone idealism as a movement in social philosophy, or even a social movement, but we will not pursue that here (see Mander 2011; Boucher & Vincent 2012; Mander [ed.] 2000; and Mander & Panagakou [eds.] 2016).",19.561314644266776,19.08892028140148,25,>18,1446,41,1.8132780082987552,320,847,17.63436342475461,13.367496542185345,21.38478082422203,11.435364716796546,276,16.75,22.433734777181797,18th and 19th grade,8.60712664035354,113.87688
C2,intentional_transitive_verbs,16-18,"A verb is transitive if and only if it usually occurs with a direct object, and in such occurrences it is said to occur transitively. Thus ‘ate’ occurs transitively in ‘I ate the meat and left the vegetables’, but not in ‘I ate then left’ (perhaps it is not the same verb ‘left’ in these two examples, but it seems to be the same ‘ate’). A verb is intensional if the verb phrase (VP) it forms with its complement is anomalous in at least one of three ways: (i) substituting one expression for another that is coreferential with it in the complement of the verb can change the truth-value of the sentence in which the VP occurs – for instance, you might admire Mark Twain but not Samuel Clemens, not realizing that your pesky neighbor Sam is the famous writer (in this case substitution of the coreferential ‘Samuel Clemens’ for ‘Mark Twain’ in the VP ‘admire Mark Twain’ will turn a true sentence, ‘you admire Mark Twain’ into a false one, ‘you admire Samuel Clemens’); (ii) the VP admits of a special “unspecific” reading if it contains a quantifier, or a certain type of quantifier (Quine’s example (1956:185) is famous: he observes that if we paraphrase ‘I want a sloop’ as ‘there is a (specific) sloop such that I want it’, this will give the wrong idea if all I want is ‘mere relief from slooplessness’, a sloop but no specific one; for more examples, see section 1); and (iii) the normal existential commitments of names and existential quantifiers in the complement are suspended even when the embedding sentence is negation-free (again, see section 1).
Intensional phenomena are puzzling, and worth studying, because (a) it seems that the only way to account for language-speakers’ capacities to produce and understand sentences of their native languages which they have never encountered before is to posit compositional structure in language and an interpretive capacity in speakers that exploits it. But (b) the simplest ideas about what such structure is like cannot accommodate intensionality. So we want to know what the smallest complication is which allows for the intensional. Investigation of intensional verbs has focussed mainly on verbs used to make propositional attitude reports. These verbs take clauses rather than direct objects as their complements. However, as we will see below, intensional transitive verbs (henceforth ITVs) do not merely duplicate the problems raised by propositional attitude verbs, but introduce special difficulties of their own.",21.088345558272213,18.83193753551143,26,>18,409,9,1.6063569682151588,68,267,24.811089377886475,11.612713936430318,25.083466124661243,11.565678918772072,84,21.333333333333332,24.436946481934257,20th and 21st grade,9.580651996740016,30.42299
C2,micropropagation,16-18,"Land threatens the overall economy of Ethiopia.
Particularly, the agricultural sector which is a source of
45% of the country‟s GDP and 85% of employment is
highly vulnerable to the problem of land degradation
(Gebrelibanos and Abdi, 2012; MoFED, 2013). Based on
this, the creation of conducive atmosphere for better
performance of the agricultural sector is not only an
important and realistic option to improve food security
status of Ethiopians but also a means to improve their
standard of living. However, recently due to changes in
watersheds in general and land degradation in particular
which resulted from a range of natural and anthropogenic
factors, the agricultural sector has been challenged and
the extent of fertile land available for this sector is
decreasing; this can reduce productivity, household‟s
food security, and aggravate poverty in degraded areas
of the country (MoA, 2012; Teklewold and Kohlin, 2011;
Gebrelibanos and Abdi, 2012).
On the other hand, Woldeamlak (2003), Mushir and
Kedru (2012), Abebaw et al. (2011), FAO (2012),
Befikadu and Frank (2015) argued that land management
practices in Ethiopia have fallen far below expectations
and land degradation mainly caused by erosion remains
widespread in the country. They further argued that the
adoption rate of conservation practices by farmers
remains limited and still the country is losing a
tremendous amount of fertile top soil, and the threat of
land degradation is broadening alarmingly. In view of this,
the Ethiopian Government and other developmental
partners have introduced an extensive mechanical and
biological watershed conservation schemes in various
parts of the country over the last decades particularly
after the famine of the 1970s (Emily and Fanaye, 2012;
Binyam and Desale, 2014).",19.343412408759125,19.53771442962202,24,>18,274,8,1.8284671532846717,66,155,17.382928832116818,14.240875912408764,21.70313868613139,12.884533576642337,81,19.0,22.751094890510952,18th and 19th grade,8.744162408759124,22.225969999999997
C2,rosenstock_huessy,16-18,"As with Franz Rosenzweig (who goes to great length in The Star of Redemption and Understanding the Sick and the Healthy to demonstrate that God, man and world underpin three fundamentally different and irreducible foundations of explanation which have shaped our history), Rosenstock-Huessy was convinced that humanism’s attempt to free itself from all gods (making humanity and/or nature the ground of reality) was based upon a failure to grasp more ancient insights into the nature of the real and the relationship between reality, language and history. To this important extent, again like Rosenzweig, he argued that language was more fundamental than either philosophy or religion and philosophy’s attempt to free itself from and reduce religion to a deficient kind of philosophy was based upon its failure to take language, and hence reality, sufficiently seriously. As he would say in a letter to Cynthia Harris: ‘Not religion but language forces man to distinguish between this world and the real world, the world as we know it and the genuine, or better known world. The crux of theology is a crux of language, and all our rationalists are not protesting against religion but against speech’ (1943, 162).
But unlike Karl Barth or Paul Tillich, for example, who saw themselves as fusing philosophy and theology, Rosenstock-Huessy refused to see himself primarily as a philosopher or theologian—though when the term philosopher was qualified by the preceding ‘social’, he was more willing to accept that designation.[2] His criticisms of theology and philosophy were numerous, varied in content and highly nuanced—and hence unable to receive full treatment here. Generally, though, he thought both were, what he called, ‘second order activities’, or products of the reflective mind at ‘play’. Philosophical and theological speech trailed behind and were dependent upon the more urgent and creative acts of ‘founding’, that is, those acts which emerge out of life’s exigencies, which are epoch making ‘events’ and which are at the source of human institutions and new forms of life, and which cannot be separated from the vocabulary, or, more specifically, the shared names and foci of orientation which connect us across space and over time.[3] In the most philosophical of all his works, the first volume of his Soziologie, when contrasting the respective limits of theology with philosophy, he says that theology is guilty of reducing us to sinners and angels and thus not adequately accounting for our being flesh and blood, while philosophers tend to reduce us to objects and things in the dead space of the universe and ‘to mirror the objective world in their subjective world’ (1956, 286). ‘Religion,’ he says in that same section, ‘is unjust against nature and the human spirit (Geist)’; while philosophy is blind to ‘the time-endowing forces’ (‘die zeitstiftenden Gewalten’).[4]
Against philosophers and theologians, he saw his task as restoring our attunement to the potencies embedded in our speech and institutions so that we could draw upon the power of past times in order to strengthen our openness to the promise of the future in the present. To this end, while his corpus cuts across numerous disciplines, his major systematic work, one rewritten throughout the course of his life, was his two part Sociology Im Kreuz der Wirchlichkeit (In the Cross of Reality)—the first volume of which is to appear with Transaction in 2017: volume one originally appeared (to use the English title) in 1925 as The Forces of Community, and then reworked as The Hegemony of Spaces; volume two being The Full Count of the Times. His social philosophy is concerned with how, when a world implodes on or devours them—through what he terms the four social diseases of anarchy, decadence, revolution and war (1970a, 11–16)—people can escape the tyranny of forces that have come to rule the space in which they dwell by founding a new time which will then open up other spatial possibilities. For him, then, the key to human freedom is the capacity both to found the new and draw upon the powers encapsulated in bodies of time past which enable us to live in a present in which we feel blessed by the future. Rosenstock-Huessy repeatedly argues that philosophy generally is particularly weak in assisting us with this task and it is ultimately to sociology that Rosenstock-Huessy turned as ‘the way to win again our freedom over spaces and through times’ (2009,1, 22). Hence against the Cartesian cogito, which he saw as providing the underpinning formulation of the philosophy of modernity, Rosenstock-Huessy retorts with the much more archaic Respondeo etsi mutabor—‘I respond although I will be changed’ (1938, 817–830; 1970b, 17–33). In other words, we are fundamentally responsive creatures—and our creations are shaped by our responses either to the weight and push of the past, the burdens or joys of the present or the pull and call of the future. Like Vico, whom Rosenstock-Huessy greatly admired, he believes we are inescapably rooted in history, even though our great revolutions attempt to rip us out of it, in order to begin anew and build a much better world, thereby opening up new paths of self-hood.[5]
Philosophy’s major deficiency, for Rosenstock-Huessy, is that it is not sufficiently sensitive to time, speech or history. To a large extent this is because logic itself is timeless. As he says in ‘The Terms of the Creed’, ‘logic is that mode of spiritual life in which the divinity of timing is omitted’. Logic transports us out of time and offers the mind a stable, but unreal space. For Rosenstock-Huessy, this search for a stable space is reflected in recurrent philosophical elements which privilege the implacability of space (or a particular space) over the ceaselessness of time. Modern philosophy’s division of things into subject and object (a spatial configuration) is a case in point, but it goes back to the ancients whose building blocks such as topics (from topos place), ‘categories’ (from kata = ‘down to’ and agora = ‘the public assembly’ i.e. declaiming in the assembly), reason’s sphericality, and ideas (the very term idea, eidein = ‘to see’, referring to something visible to the mind’s eye) all suggest a commitment to (the mental) space’s primacy. The same point is made somewhat more elaborately in the first volume of the In the Cross of Reality (2009, 1,307 –311) where he argues that dialectical thought is triadic, but anything that really happens and makes itself manifest, i.e. appears (erscheint), is at least quadrilateral.[6] It must be something in space and time, and hence conform to the inner/outerness or subjective/objective matrix of space, as well as the trajective and prejective-ness of time. He called this four-fold matrix the cross of reality and it is applied repeatedly throughout his works.
While Rosenstock-Huessy provided a range of arguments against philosophers wanting to make more of reason and less of language, time and history than their due, and while he preferred to classify himself as a sociologist, he can also be seen as a social philosopher who argued for the philosophical necessity of the fusion of history, linguistics, anthropology, sociology, and religion. Franz Rosenzweig certainly saw Rosenstock-Huessy in this light, and he once said to him: ‘You have never…been to me anything other than a “philosopher”’(1969, 82).[7] In this respect he belongs to that long line of critics of philosophy that range from ancients to moderns and comic poets to religious thinkers—from Aristophanes to Lucian, to Rabelais, from Tatian, to Tertullian to Luther, and Pascal to Marx and Nietzsche. All these critics have provided criticisms of philosophy that have ended up, in different ways, and at different times, transforming the direction and content of philosophy.",18.73789700805524,17.912832736909294,24,>18,1264,33,1.6431962025316456,221,803,28.943025508247047,12.376740506329115,22.182288632178135,10.92042049290372,267,35.5,21.840199462984273,21st and 22nd grade,8.60064499424626,96.6602
C2,the_self,16-18,"A probing investigation into the psyche was a leading preoccupation for Nietzsche throughout his career, and this aspect of his thought has rightly been accorded central importance across a long stretch of the reception, all the way from Kaufmann (1950) to recent work by Pippin (2010), Katsafanas (2016), and others. Some of Nietzsche’s own programmatic reflections highlight the centrality of this enterprise: perhaps most famously, he closes an extended treatment of the shortcomings of previous philosophy (in Part I of Beyond Good and Evil) with a demand
that psychology be recognized again as the queen of the sciences, for whose service and preparation the other sciences exist. For psychology is once again on the path to the fundamental problems. (BGE 23)
In section 2, we saw that Nietzsche’s critique of morality rests crucially on psychological analyses that purport to expose the self-destructive effects of moral attitudes like guilt and ascetic self-denial, as well as the corrosive mismatch between the official claims of altruistic morality and its underlying motivation in ressentiment. On the positive side, Nietzsche is equally keen to detail the psychological conditions he thinks would be healthier for both individuals and cultures (see, e.g., GS Pref. and 382; BGE 212; TI V, 3 and VIII, 6–7). Thus, Nietzsche’s psychology is central to his evaluative agenda and to his projects as a cultural critic. Aside from its instrumental support for these other projects, Nietzsche pursues psychological inquiry for its own sake, and apparently also for the sake of the self-knowledge that it intrinsically involves (GM III, 9; GS Pref., 3 and 324; but cf. GM Pref., 1). Still, despite widespread appreciation of Nietzsche’s psychological acumen that started with Freud himself—and despite the centrality of psychology to his philosophical method, core questions, and evaluative aims—even the most basic outlines of his substantive psychology remain a matter of controversy. Debate begins with the object of psychology itself, the psyche, self, or soul.
A significant body of Nietzschean texts express extreme skepticism that there is any such thing as a “self”, or “soul”, as well as doubts about the traditional faculties of the soul and the basic capacities they were supposed to exercise (thinking, willing, feeling). This passage from the notebooks is typical—“To indulge the fable of ‘unity,’ ‘soul,’ ‘person,’ this we have forbidden: with such hypotheses one only covers up the problem” (KSA 37[4] 11: 577)—and there are many, probably hundreds, like it (see D 109; GS 333; BGE 12, 17, 19, 54; GM I, 13; TI III, 5 and VI, 3). At the same time, Nietzsche’s own psychological analyses make free appeal not only to the self, but even to some of the traditional faculties, like the will, of which he is most skeptical elsewhere: for example, the “sovereign individual” of GM II, 1–3 is distinctive for developing a “memory of the will” that underwrites his capacity to keep promises and “vouch for himself as future” (GM I, 13); or again, Nietzsche’s favored strategy of deploying a multiplicity of perspectives in knowledge (see section 3.2.6) assumes the existence of a cognitive self that stands back from particular drives and affects, and so has “the ability to control one’s Pro and Con and dispose of them” in support of the larger cognitive project (GM III, 12, see also BGE 284).
This apparent conflict in the texts has encouraged competing interpretations, with commentators emphasizing the strands in Nietzsche to which they have more philosophical sympathy. For example, strongly naturalist interpreters like Brian Leiter (2002, 2007) and Matthias Risse (2007) focus on Nietzsche’s skepticism about the will and the pure soul to reject any Kantian-style source of agency that can stand apart from and direct the person’s basic drives or fundamental nature. Somewhat similarly, readers attracted by a Cartesian conception of consciousness as the essence of the mental, but repelled by Cartesian dualism, highlight Nietzsche’s emphasis on the importance of the body (GM III, 16; Z I, 4) to suggest that his apparent claims about psychology should be heard instead as a kind of physiology of drives that rejects mental psychology altogether (for different versions, see Poellner 1995: 216–29, 174; Haar [1993] 1996: 90, et passim). Attacking unity rather than mentality, a group of readers interested in Nietzsche’s agonistic conception of politics tends to emphasize his similarly agonistic, internally contested, conception of the self (Hatab 1995; Acampora 2013). In a diametrically opposed direction from those first three, Sebastian Gardner (2009) insists that, while Nietzsche was sometimes tempted by skepticism about a self which can stand back from the solicitations of inclination and control them, his own doctrines about the creation of value and self-overcoming in fact commit him to something like a Kantian transcendental ego, despite his protestations to the contrary.
Nietzsche’s actual psychological explanations rely heavily on appeals to sub-personal psychological attitudes. As Janaway (2009: 52) observes, a great many different kinds of attitude enter these accounts (including not only the standard beliefs and desires of current-day moral psychology, but also “wills”, feelings, sensations, moods, imaginings, memories, valuations, convictions, and more), but arguably the core attitudes that do the most work for him are drives and affects. These attitude types have been intensively studied in recent work (see esp. Richardson 1996 and Katsafanas 2011b, 2013, 2016; see also Anderson 2012a, Clark and Dudrick 2015). While much remains controversial, it is helpful to think of drives as dispositions toward general patterns of activity; they aim at activity of the relevant sort (e.g., an eating drive, a drive for power), and they also represent some more specific object or occasion of the activity in a particular case (e.g., this ice cream, or overcoming a particular problem in the course of writing a paper). Affects are emotional states that combine a receptive and felt responsiveness to the world with a tendency toward a distinctive pattern of reaction—states like love, hate, anger, fear, joy, etc. Typically, the sub-personal attitudes postulated in Nietzsche’s psychological explanations represent the world in one way or another. Since he endorses Leibniz’s thought that representation, not consciousness, is the decisive mark of the mental (GS 354), it is reasonable to treat these attitudes as distinctively psychological, whether they are conscious or not.",18.50867152575316,18.7741,24,>18,1029,30,1.7560738581146744,225,604,23.456651603498585,13.407968901846456,21.343498542274055,12.718722662779395,273,34.0,22.2331195335277,12th and 13th grade,8.717476870748298,82.23461999999999
