Model,MAE,MSE,RMSE,R2,Params,Notes
Linear Regression,0.25058390669662917,0.08627987771568245,0.29373436590852364,0.9959687201266115,Default,
Ridge Regression,0.25075666937417423,0.08628880683175018,0.29374956481967796,0.995968302928919,{'alpha': np.float64(0.11)},
Lasso Regression,0.2538575812166381,0.09005396682910853,0.30008993123580224,0.99579238226098,{'alpha': np.float64(0.01)},
Decision Tree,0.39662366618888356,0.4329717728786053,0.6580059064162003,0.9797701336631173,"{'max_depth': 15, 'min_samples_leaf': 4, 'min_samples_split': 2}",
Random Forest,0.3344147157190635,0.19297040133779259,0.4392839643531193,0.9909837876957104,"{'max_depth': 20, 'max_features': 'sqrt', 'min_samples_leaf': 1, 'min_samples_split': 2, 'n_estimators': 200}",
XGBRegressor,0.32162097096443176,0.1739925891160965,0.4171241890805381,0.9918705224990845,"{'objective': 'reg:squarederror', 'base_score': None, 'booster': None, 'callbacks': None, 'colsample_bylevel': None, 'colsample_bynode': None, 'colsample_bytree': 0.8, 'device': None, 'early_stopping_rounds': None, 'enable_categorical': True, 'eval_metric': None, 'feature_types': None, 'feature_weights': None, 'gamma': None, 'grow_policy': None, 'importance_type': None, 'interaction_constraints': None, 'learning_rate': 0.1, 'max_bin': None, 'max_cat_threshold': None, 'max_cat_to_onehot': None, 'max_delta_step': None, 'max_depth': 7, 'max_leaves': None, 'min_child_weight': None, 'missing': nan, 'monotone_constraints': None, 'multi_strategy': None, 'n_estimators': 1000, 'n_jobs': -1, 'num_parallel_tree': None, 'random_state': 456, 'reg_alpha': None, 'reg_lambda': None, 'sampling_method': None, 'scale_pos_weight': None, 'subsample': 0.7, 'tree_method': None, 'validate_parameters': None, 'verbosity': None}",
Stacking Regressor,0.25101769915087446,0.08646396423529222,0.29404755437733576,0.9959601189985025,"{'cv': 5, 'estimators': [('lr', LinearRegression()), ('ridge', Ridge(alpha=np.float64(0.11), max_iter=20000, random_state=4)), ('rf', RandomForestRegressor(max_depth=15, max_features='sqrt', min_samples_split=5,
                      random_state=42)), ('xgb', XGBRegressor(base_score=None, booster=None, callbacks=None,
             colsample_bylevel=None, colsample_bynode=None,
             colsample_bytree=0.8, device=None, early_stopping_rounds=None,
             enable_categorical=True, eval_metric=None, feature_types=None,
             feature_weights=None, gamma=None, grow_policy=None,
             importance_type=None, interaction_constraints=None,
             learning_rate=0.1, max_bin=None, max_cat_threshold=None,
             max_cat_to_onehot=None, max_delta_step=None, max_depth=7,
             max_leaves=None, min_child_weight=None, missing=nan,
             monotone_constraints=None, multi_strategy=None, n_estimators=1000,
             n_jobs=-1, num_parallel_tree=None, ...))], 'final_estimator__copy_X': True, 'final_estimator__fit_intercept': True, 'final_estimator__n_jobs': None, 'final_estimator__positive': False, 'final_estimator__tol': 1e-06, 'final_estimator': LinearRegression(), 'n_jobs': None, 'passthrough': False, 'verbose': 0, 'lr': LinearRegression(), 'ridge': Ridge(alpha=np.float64(0.11), max_iter=20000, random_state=4), 'rf': RandomForestRegressor(max_depth=15, max_features='sqrt', min_samples_split=5,
                      random_state=42), 'xgb': XGBRegressor(base_score=None, booster=None, callbacks=None,
             colsample_bylevel=None, colsample_bynode=None,
             colsample_bytree=0.8, device=None, early_stopping_rounds=None,
             enable_categorical=True, eval_metric=None, feature_types=None,
             feature_weights=None, gamma=None, grow_policy=None,
             importance_type=None, interaction_constraints=None,
             learning_rate=0.1, max_bin=None, max_cat_threshold=None,
             max_cat_to_onehot=None, max_delta_step=None, max_depth=7,
             max_leaves=None, min_child_weight=None, missing=nan,
             monotone_constraints=None, multi_strategy=None, n_estimators=1000,
             n_jobs=-1, num_parallel_tree=None, ...), 'lr__copy_X': True, 'lr__fit_intercept': True, 'lr__n_jobs': None, 'lr__positive': False, 'lr__tol': 1e-06, 'ridge__alpha': np.float64(0.11), 'ridge__copy_X': True, 'ridge__fit_intercept': True, 'ridge__max_iter': 20000, 'ridge__positive': False, 'ridge__random_state': 4, 'ridge__solver': 'auto', 'ridge__tol': 0.0001, 'rf__bootstrap': True, 'rf__ccp_alpha': 0.0, 'rf__criterion': 'squared_error', 'rf__max_depth': 15, 'rf__max_features': 'sqrt', 'rf__max_leaf_nodes': None, 'rf__max_samples': None, 'rf__min_impurity_decrease': 0.0, 'rf__min_samples_leaf': 1, 'rf__min_samples_split': 5, 'rf__min_weight_fraction_leaf': 0.0, 'rf__monotonic_cst': None, 'rf__n_estimators': 100, 'rf__n_jobs': None, 'rf__oob_score': False, 'rf__random_state': 42, 'rf__verbose': 0, 'rf__warm_start': False, 'xgb__objective': 'reg:squarederror', 'xgb__base_score': None, 'xgb__booster': None, 'xgb__callbacks': None, 'xgb__colsample_bylevel': None, 'xgb__colsample_bynode': None, 'xgb__colsample_bytree': 0.8, 'xgb__device': None, 'xgb__early_stopping_rounds': None, 'xgb__enable_categorical': True, 'xgb__eval_metric': None, 'xgb__feature_types': None, 'xgb__feature_weights': None, 'xgb__gamma': None, 'xgb__grow_policy': None, 'xgb__importance_type': None, 'xgb__interaction_constraints': None, 'xgb__learning_rate': 0.1, 'xgb__max_bin': None, 'xgb__max_cat_threshold': None, 'xgb__max_cat_to_onehot': None, 'xgb__max_delta_step': None, 'xgb__max_depth': 7, 'xgb__max_leaves': None, 'xgb__min_child_weight': None, 'xgb__missing': nan, 'xgb__monotone_constraints': None, 'xgb__multi_strategy': None, 'xgb__n_estimators': 1000, 'xgb__n_jobs': -1, 'xgb__num_parallel_tree': None, 'xgb__random_state': 456, 'xgb__reg_alpha': None, 'xgb__reg_lambda': None, 'xgb__sampling_method': None, 'xgb__scale_pos_weight': None, 'xgb__subsample': 0.7, 'xgb__tree_method': None, 'xgb__validate_parameters': None, 'xgb__verbosity': None}",
